{"cameraMode":{"drawMode":0,"name":"Shaded","section":"Shading Mode"},"sceneLighting":false,"audioPlay":false,"sceneViewState":{"m_AlwaysRefresh":false,"showFog":true,"showSkybox":false,"showFlares":true,"showImageEffects":true,"showParticleSystems":true,"showVisualEffectGraphs":true,"m_FxEnabled":false},"in2DMode":false,"pivot":{"x":-0.09207342565059662,"y":1.921812653541565,"z":2.9518773555755617},"rotation":{"x":-0.020937535911798478,"y":-0.9790644645690918,"z":0.14496870338916779,"w":-0.14143261313438416},"size":0.36350017786026,"orthographic":false}