{"cameraMode":{"drawMode":0,"name":"Shaded","section":"Shading Mode"},"sceneLighting":false,"audioPlay":false,"sceneViewState":{"m_AlwaysRefresh":false,"showFog":true,"showSkybox":true,"showFlares":true,"showImageEffects":true,"showParticleSystems":true,"showVisualEffectGraphs":true,"m_FxEnabled":false},"in2DMode":false,"pivot":{"x":0.4455450773239136,"y":1.3192412853240967,"z":1.5402731895446778},"rotation":{"x":-0.3561015725135803,"y":-0.37493348121643069,"z":0.1587473452091217,"w":-0.8410947322845459},"size":2.1073949337005617,"orthographic":false}