{"cameraMode":{"drawMode":0,"name":"Shaded","section":"Shading Mode"},"sceneLighting":false,"audioPlay":false,"sceneViewState":{"m_AlwaysRefresh":false,"showFog":false,"showSkybox":false,"showFlares":false,"showImageEffects":false,"showParticleSystems":false,"showVisualEffectGraphs":true,"m_FxEnabled":false},"in2DMode":false,"pivot":{"x":-0.14257457852363587,"y":0.41791602969169619,"z":0.17600563168525697},"rotation":{"x":-0.02053312212228775,"y":0.9638445973396301,"z":-0.2540418207645416,"w":-0.07792115211486817},"size":0.4799398183822632,"orthographic":false}