{"cameraMode":{"drawMode":0,"name":"Shaded","section":"Shading Mode"},"sceneLighting":false,"audioPlay":false,"sceneViewState":{"m_AlwaysRefresh":false,"showFog":false,"showSkybox":false,"showFlares":false,"showImageEffects":false,"showParticleSystems":false,"showVisualEffectGraphs":true,"m_FxEnabled":false},"in2DMode":false,"pivot":{"x":2.0605971813201906,"y":0.5672616362571716,"z":-0.08607214689254761},"rotation":{"x":0.09484883397817612,"y":0.8766576051712036,"z":-0.43031561374664309,"w":0.19321277737617494},"size":3.3349225521087648,"orthographic":false}