{"cameraMode":{"drawMode":0,"name":"Shaded","section":"Shading Mode"},"sceneLighting":false,"audioPlay":false,"sceneViewState":{"m_AlwaysRefresh":false,"showFog":true,"showSkybox":false,"showFlares":true,"showImageEffects":true,"showParticleSystems":true,"showVisualEffectGraphs":true,"m_FxEnabled":false},"in2DMode":false,"pivot":{"x":-0.0029197335243225099,"y":0.007140059024095535,"z":0.0014420738443732262},"rotation":{"x":-0.18492363393306733,"y":0.4735703468322754,"z":-0.10242944210767746,"w":-0.8550328612327576},"size":3.054435968399048,"orthographic":false}