{"cameraMode":{"drawMode":0,"name":"Shaded","section":"Shading Mode"},"sceneLighting":false,"audioPlay":false,"sceneViewState":{"m_AlwaysRefresh":false,"showFog":true,"showSkybox":false,"showFlares":true,"showImageEffects":true,"showParticleSystems":true,"showVisualEffectGraphs":true,"m_FxEnabled":false},"in2DMode":false,"pivot":{"x":0.08172784745693207,"y":1.6169908046722413,"z":-0.8004510402679443},"rotation":{"x":0.17232348024845124,"y":-0.7066939473152161,"z":0.18421144783496858,"w":0.6610435247421265},"size":0.2960520386695862,"orthographic":false}