{"cameraMode":{"drawMode":0,"name":"Shaded","section":"Shading Mode"},"sceneLighting":false,"audioPlay":false,"sceneViewState":{"m_AlwaysRefresh":false,"showFog":true,"showSkybox":false,"showFlares":true,"showImageEffects":true,"showParticleSystems":true,"showVisualEffectGraphs":true,"m_FxEnabled":false},"in2DMode":false,"pivot":{"x":-0.29876744747161868,"y":0.9860234260559082,"z":2.4762754440307619},"rotation":{"x":-0.17921411991119386,"y":0.7799596190452576,"z":-0.25830912590026858,"w":-0.5411549210548401},"size":0.19710755348205567,"orthographic":false}