{"cameraMode":{"drawMode":0,"name":"Shaded","section":"Shading Mode"},"sceneLighting":false,"audioPlay":false,"sceneViewState":{"m_AlwaysRefresh":false,"showFog":false,"showSkybox":false,"showFlares":false,"showImageEffects":false,"showParticleSystems":false,"showVisualEffectGraphs":true,"m_FxEnabled":false},"in2DMode":false,"pivot":{"x":-0.36593130230903628,"y":-0.16094864904880525,"z":-0.33876293897628786},"rotation":{"x":0.005546684376895428,"y":0.9884700179100037,"z":-0.14667336642742158,"w":0.037383776158094409},"size":1.2612941265106202,"orthographic":false}